TWEEN,PEG,LIPID,LEY,yield,iter,source
11.879603112279208,18.81459724599207,9.104861850401312,10.200937791327416,0.9933487267723848,3,ei
11.885253354294488,16.78727729217676,8.969808835668367,12.357660517860385,0.9655261321227394,3,ei
12.331924796479782,18.33575255107753,8.625511802817213,10.706810849625477,0.9654718966525957,3,ei
1.2570425474857434,28.03524107031885,1.2686880787862054,19.4390283034092,0.1129401653001054,3,ei
1.015822248494227,32.64902869237051,1.1878633467539297,15.147285712381343,0.07866400720998377,3,ei
1.8086503770462323,28.18677324221115,5.185195040352897,14.819381340389722,0.23360362808638463,3,ei
2.354612765108758,28.967760558732596,2.21587801209518,16.46174866406347,0.15343268566890528,3,ei
1.0,30.754244717602106,4.074456984637539,14.17129829776036,0.1446971903984034,3,ei
