metric,TWEEN,PEG,LIPID,LEY,yield,iter,source
best_observed,11.879603112279208,18.81459724599207,9.104861850401312,10.200937791327416,0.9933487267723848,3,ei
x_star,12.0,18.0,8.0,12.0,0.967032004603562,-1,ground_truth
